{
  "MAE": 0.04848007608429596,
  "RMSE": 0.06736761150647602,
  "MAPE": 0.8468529206822083,
  "n_fold_points": 1060
}