{
  "MAE": 0.04854393934965322,
  "RMSE": 0.06772468044664677,
  "MAPE": 0.8479275675367661,
  "n_fold_points": 1060
}