{
  "code": "1",
  "freq": "B",
  "order": [
    1,
    1,
    2
  ],
  "seasonal_order": [
    0,
    0,
    0,
    0
  ],
  "y_len": 718,
  "horizon": 5,
  "initial_train_ratio": 0.7,
  "ranked_results": [
    {
      "order": [
        1,
        1,
        2
      ],
      "seasonal_order": [
        0,
        0,
        0,
        0
      ],
      "metrics": {
        "MAE": 0.04848007608429596,
        "RMSE": 0.06736761150647602,
        "MAPE": 0.8468529206822083,
        "n_fold_points": 1060
      }
    },
    {
      "order": [
        1,
        1,
        1
      ],
      "seasonal_order": [
        0,
        0,
        0,
        0
      ],
      "metrics": {
        "MAE": 0.04854393934965322,
        "RMSE": 0.06772468044664677,
        "MAPE": 0.8479275675367661,
        "n_fold_points": 1060
      }
    },
    {
      "order": [
        2,
        1,
        2
      ],
      "seasonal_order": [
        0,
        0,
        0,
        0
      ],
      "metrics": {
        "MAE": 0.04923799180199873,
        "RMSE": 0.06872914559777014,
        "MAPE": 0.860133165313409,
        "n_fold_points": 1060
      }
    },
    {
      "order": [
        2,
        1,
        1
      ],
      "seasonal_order": [
        0,
        0,
        0,
        0
      ],
      "metrics": {
        "MAE": 72342.55504287752,
        "RMSE": 2314852.0756049114,
        "MAPE": 1230186.6246619574,
        "n_fold_points": 1060
      }
    }
  ]
}